<!DOCTYPE suite SYSTEM "http://testng.org/testng-1.0.dtd">
<suite name="Parallel TestSuite" parallel="tests" thread-count="2">
<test name="Firefox Test">
<parameter name="browser" value="firefox"></parameter>
	<classes>
		<class name="testclasses.TestNG_SeleniumParametersParallelExample"></class>
	</classes>
</test>
<test name="Chrome Test">
<parameter name="browser" value="chrome"></parameter>
	<classes>
		<class name="testclasses.TestNG_SeleniumParametersParallelExample"></class>
	</classes>
</test>
</suite>